id,category,scenario,status,evidence,severity,occurrence,detection,rpn,priority
BS-001,unhandled_error_paths,Malformed JSON dataset gives a useful validation error,verified,scripts/test-fmea-inputs.ts; apps/dashboard/lib/api.ts; apps/dashboard/components/PageError.tsx,6,2,2,24,P2
BS-002,unhandled_error_paths,JSON object without an examples array cannot reach database insertion,verified,scripts/test-fmea-inputs.ts; apps/dashboard/lib/api.ts; apps/dashboard/components/PageError.tsx,6,2,2,24,P2
BS-003,unhandled_error_paths,Malformed JSONL line reports a parsing error,verified,scripts/test-fmea-inputs.ts; apps/dashboard/lib/api.ts; apps/dashboard/components/PageError.tsx,6,2,2,24,P2
BS-004,unhandled_error_paths,CSV field-count mismatch is rejected,verified,scripts/test-fmea-inputs.ts; apps/dashboard/lib/api.ts; apps/dashboard/components/PageError.tsx,6,2,2,24,P2
BS-005,unhandled_error_paths,Numeric or object dataset payload avoids raw Buffer TypeError,fixed,scripts/test-fmea-inputs.ts; apps/dashboard/lib/api.ts; apps/dashboard/components/PageError.tsx,8,3,7,168,P1
BS-006,unhandled_error_paths,Private gateway unavailable shows an actionable service error,source_checked,scripts/test-fmea-inputs.ts; apps/dashboard/lib/api.ts; apps/dashboard/components/PageError.tsx,6,2,5,60,P2
BS-007,unhandled_error_paths,HTML proxy response does not crash JSON parsing silently,source_checked,scripts/test-fmea-inputs.ts; apps/dashboard/lib/api.ts; apps/dashboard/components/PageError.tsx,6,2,5,60,P2
BS-008,unhandled_error_paths,Response exceeding eight MiB is cancelled,source_checked,scripts/test-fmea-inputs.ts; apps/dashboard/lib/api.ts; apps/dashboard/components/PageError.tsx,6,2,5,60,P2
BS-009,unhandled_error_paths,Server Action exception is bounded and shown as an action error,source_checked,scripts/test-fmea-inputs.ts; apps/dashboard/lib/api.ts; apps/dashboard/components/PageError.tsx,6,2,5,60,P2
BS-010,external_dependency_failures,429 response makes one dispatch without automatic retry,verified,scripts/test-providers.ts; scripts/test-session-prompt-proxy.ts; packages/providers/src/transport.ts,6,2,2,24,P2
BS-011,external_dependency_failures,Malformed structured output records known usage before failing,verified,scripts/test-providers.ts; scripts/test-session-prompt-proxy.ts; packages/providers/src/transport.ts,6,2,2,24,P2
BS-012,external_dependency_failures,Valid JSON with length finish cannot become a successful judge,fixed,scripts/test-providers.ts; scripts/test-session-prompt-proxy.ts; packages/providers/src/transport.ts,8,3,7,168,P1
BS-013,external_dependency_failures,Content-filter termination cannot become successful structured output,fixed,scripts/test-providers.ts; scripts/test-session-prompt-proxy.ts; packages/providers/src/transport.ts,8,3,7,168,P1
BS-014,external_dependency_failures,Whitespace-only completion cannot appear as a finished answer,fixed,scripts/test-providers.ts; scripts/test-session-prompt-proxy.ts; packages/providers/src/transport.ts,8,3,7,168,P1
BS-015,external_dependency_failures,Compressed success body is decoded by the actual Node transport,verified,scripts/test-providers.ts; scripts/test-session-prompt-proxy.ts; packages/providers/src/transport.ts,6,2,2,24,P2
BS-016,external_dependency_failures,Compressed error body remains an error,verified,scripts/test-providers.ts; scripts/test-session-prompt-proxy.ts; packages/providers/src/transport.ts,6,2,2,24,P2
BS-017,external_dependency_failures,Oversized decompressed provider body is cancelled,verified,scripts/test-providers.ts; scripts/test-session-prompt-proxy.ts; packages/providers/src/transport.ts,6,2,2,24,P2
BS-018,external_dependency_failures,Provider deadline bounds body reads as well as connection establishment,source_checked,scripts/test-providers.ts; scripts/test-session-prompt-proxy.ts; packages/providers/src/transport.ts,6,2,5,60,P2
BS-019,race_conditions_and_state,Slow dataset A cannot replace later selection B,fixed,apps/dashboard/app/(app)/golden-sets/[route]/GoldenManager.tsx; scripts/test-eval-plan.ts; client-session.test.ts,8,3,7,168,P1
BS-020,race_conditions_and_state,Slow file read cannot overwrite manually edited dataset text,fixed,apps/dashboard/app/(app)/golden-sets/[route]/GoldenManager.tsx; scripts/test-eval-plan.ts; client-session.test.ts,8,3,7,168,P1
BS-021,race_conditions_and_state,Old context documents cannot overwrite a newer document selection,fixed,apps/dashboard/app/(app)/golden-sets/[route]/GoldenManager.tsx; scripts/test-eval-plan.ts; client-session.test.ts,8,3,7,168,P1
BS-022,race_conditions_and_state,Switching source invalidates pending file-read results,fixed,apps/dashboard/app/(app)/golden-sets/[route]/GoldenManager.tsx; scripts/test-eval-plan.ts; client-session.test.ts,8,3,7,168,P1
BS-023,race_conditions_and_state,Publishing invalidates pending dataset and context reads,fixed,apps/dashboard/app/(app)/golden-sets/[route]/GoldenManager.tsx; scripts/test-eval-plan.ts; client-session.test.ts,8,3,7,168,P1
BS-024,race_conditions_and_state,Account change invalidates in-flight action completion,source_checked,apps/dashboard/app/(app)/golden-sets/[route]/GoldenManager.tsx; scripts/test-eval-plan.ts; client-session.test.ts,6,2,5,60,P2
BS-025,race_conditions_and_state,Concurrent signup creates one project for an invite,verified,apps/dashboard/app/(app)/golden-sets/[route]/GoldenManager.tsx; scripts/test-eval-plan.ts; client-session.test.ts,6,2,2,24,P2
BS-026,race_conditions_and_state,Eval plan row lock prevents duplicate confirmation execution,verified,apps/dashboard/app/(app)/golden-sets/[route]/GoldenManager.tsx; scripts/test-eval-plan.ts; client-session.test.ts,6,2,2,24,P2
BS-027,race_conditions_and_state,Late child span does not reopen a completed execution,verified,apps/dashboard/app/(app)/golden-sets/[route]/GoldenManager.tsx; scripts/test-eval-plan.ts; client-session.test.ts,6,2,2,24,P2
BS-028,resource_exhaustion,Upload UTF-8 byte limit includes multibyte currency text,verified,scripts/test-fmea-inputs.ts; packages/providers/src/metering.ts; packages/db/src/quota.ts,6,2,2,24,P2
BS-029,resource_exhaustion,Too many uploaded examples are rejected,verified,scripts/test-fmea-inputs.ts; packages/providers/src/metering.ts; packages/db/src/quota.ts,6,2,2,24,P2
BS-030,resource_exhaustion,Generation count above20 is rejected,verified,scripts/test-fmea-inputs.ts; packages/providers/src/metering.ts; packages/db/src/quota.ts,6,2,2,24,P2
BS-031,resource_exhaustion,Fractional draft count is rejected,verified,scripts/test-fmea-inputs.ts; packages/providers/src/metering.ts; packages/db/src/quota.ts,6,2,2,24,P2
BS-032,resource_exhaustion,Chat maximum output above2048 is rejected,verified,scripts/test-fmea-inputs.ts; packages/providers/src/metering.ts; packages/db/src/quota.ts,6,2,2,24,P2
BS-033,resource_exhaustion,Empty telemetry batch is rejected,verified,scripts/test-fmea-inputs.ts; packages/providers/src/metering.ts; packages/db/src/quota.ts,6,2,2,24,P2
BS-034,resource_exhaustion,Multimodal message objects cannot trigger URL fetching through text adapter,verified,scripts/test-fmea-inputs.ts; packages/providers/src/metering.ts; packages/db/src/quota.ts,6,2,2,24,P2
BS-035,resource_exhaustion,Per-owner storage reservations include concurrent pending writes,source_checked,scripts/test-fmea-inputs.ts; packages/providers/src/metering.ts; packages/db/src/quota.ts,6,2,5,60,P2
BS-036,resource_exhaustion,Active provider concurrency is bounded per owner and globally,source_checked,scripts/test-fmea-inputs.ts; packages/providers/src/metering.ts; packages/db/src/quota.ts,6,2,5,60,P2
BS-037,security_access_control,Anonymous requests cannot manage project resources,source_checked,scripts/test-portfolio-http.mts; scripts/test-portfolio-db.ts; packages/db/src/execution.ts; apps/gateway/src/auth.ts,6,2,5,60,P2
BS-038,security_access_control,Foreign project cannot read a workflow by guessed UUID,verified,scripts/test-portfolio-http.mts; scripts/test-portfolio-db.ts; packages/db/src/execution.ts; apps/gateway/src/auth.ts; docs/qa/2026-10-02/auth-http.json,6,2,2,24,P2
BS-039,security_access_control,Foreign project cannot mutate another golden example,verified,scripts/test-portfolio-http.mts; scripts/test-portfolio-db.ts; packages/db/src/execution.ts; apps/gateway/src/auth.ts; docs/qa/2026-10-02/auth-http.json,6,2,2,24,P2
BS-040,security_access_control,Foreign project cannot read another eval plan,verified,scripts/test-portfolio-http.mts; scripts/test-portfolio-db.ts; packages/db/src/execution.ts; apps/gateway/src/auth.ts; docs/qa/2026-10-02/auth-http.json,6,2,2,24,P2
BS-041,security_access_control,SDK credentials cannot access management routes,verified,scripts/test-portfolio-http.mts; scripts/test-portfolio-db.ts; packages/db/src/execution.ts; apps/gateway/src/auth.ts; docs/qa/2026-10-02/auth-http.json,6,2,2,24,P2
BS-042,security_access_control,Revoked SDK credential cannot invoke completion,verified,scripts/test-portfolio-http.mts; scripts/test-portfolio-db.ts; packages/db/src/execution.ts; apps/gateway/src/auth.ts; docs/qa/2026-10-02/auth-http.json,6,2,2,24,P2
BS-043,security_access_control,Copied browser cookie is rejected after signout revokes database session,verified,scripts/test-portfolio-http.mts; scripts/test-portfolio-db.ts; packages/db/src/execution.ts; apps/gateway/src/auth.ts; docs/qa/2026-10-02/auth-http.json,6,2,2,24,P2
BS-044,security_access_control,Unapproved provider host is rejected before credential transmission,verified,scripts/test-portfolio-http.mts; scripts/test-portfolio-db.ts; packages/db/src/execution.ts; apps/gateway/src/auth.ts,6,2,2,24,P2
BS-045,security_access_control,Prepared execution identity cannot call a paid provider,verified,scripts/test-portfolio-http.mts; scripts/test-portfolio-db.ts; packages/db/src/execution.ts; apps/gateway/src/auth.ts,6,2,2,24,P2
BS-046,data_integrity_partial_writes,Empty dataset cannot create a misleading empty latest golden version,fixed,packages/core/src/golden/service.ts; scripts/test-eval-plan.ts; scripts/test-fmea-inputs.ts,8,3,7,168,P1
BS-047,data_integrity_partial_writes,Duplicate CSV headings cannot silently overwrite the original input column,fixed,packages/core/src/golden/service.ts; scripts/test-eval-plan.ts; scripts/test-fmea-inputs.ts,8,3,7,168,P1
BS-048,data_integrity_partial_writes,Whitespace-only golden input cannot be saved or patched,fixed,packages/core/src/golden/service.ts; scripts/test-eval-plan.ts; scripts/test-fmea-inputs.ts,8,3,7,168,P1
BS-049,data_integrity_partial_writes,UTF-8 BOM is handled in CSV JSON and JSONL imports,verified,packages/core/src/golden/service.ts; scripts/test-eval-plan.ts; scripts/test-fmea-inputs.ts,6,2,2,24,P2
BS-050,data_integrity_partial_writes,Code indentation survives JSON dataset import,verified,packages/core/src/golden/service.ts; scripts/test-eval-plan.ts; scripts/test-fmea-inputs.ts,6,2,2,24,P2
BS-051,data_integrity_partial_writes,Evidence persistence failure cannot count returned usage twice,fixed,packages/core/src/golden/service.ts; scripts/test-eval-plan.ts; scripts/test-fmea-inputs.ts,8,3,7,168,P1
BS-052,data_integrity_partial_writes,Failed truncated example retains its partial text and no score,verified,packages/core/src/golden/service.ts; scripts/test-eval-plan.ts; scripts/test-fmea-inputs.ts,6,2,2,24,P2
BS-053,data_integrity_partial_writes,Cross-route trace promotion is rejected even inside one project,verified,packages/core/src/golden/service.ts; scripts/test-eval-plan.ts; scripts/test-fmea-inputs.ts,6,2,2,24,P2
BS-054,data_integrity_partial_writes,Golden version and all example rows are inserted atomically,source_checked,packages/core/src/golden/service.ts; scripts/test-eval-plan.ts; scripts/test-fmea-inputs.ts,6,2,5,60,P2
BS-055,observability_gaps,Gateway no longer labels a token-limited reply as stop,fixed,scripts/test-providers.ts; scripts/test-eval-plan.ts; dashboard pages; provider ledger,8,3,7,168,P1
BS-056,observability_gaps,Incomplete candidates have persisted failed evidence rather than invented scores,verified,scripts/test-providers.ts; scripts/test-eval-plan.ts; dashboard pages; provider ledger,6,2,2,24,P2
BS-057,observability_gaps,Known billed malformed judge output keeps its actual returned cost,verified,scripts/test-providers.ts; scripts/test-eval-plan.ts; dashboard pages; provider ledger,6,2,2,24,P2
BS-058,observability_gaps,Unknown failed candidate cost remains null in example evidence,verified,scripts/test-providers.ts; scripts/test-eval-plan.ts; dashboard pages; provider ledger,6,2,2,24,P2
BS-059,observability_gaps,Provider exceptions expose no request headers or raw prompt bodies,source_checked,scripts/test-providers.ts; scripts/test-eval-plan.ts; dashboard pages; provider ledger,6,2,5,60,P2
BS-060,observability_gaps,Authoritative usage survives best-effort trace storage failure,source_checked,scripts/test-providers.ts; scripts/test-eval-plan.ts; dashboard pages; provider ledger,6,2,5,60,P2
BS-061,observability_gaps,Prepared scores are labeled illustrative in dashboard,source_checked,scripts/test-providers.ts; scripts/test-eval-plan.ts; dashboard pages; provider ledger,6,2,5,60,P2
BS-062,observability_gaps,Observed node count is not presented as full source topology,source_checked,scripts/test-providers.ts; scripts/test-eval-plan.ts; dashboard pages; provider ledger,6,2,5,60,P2
BS-063,observability_gaps,No automated incident alerting for every application exception is shipped,residual,scripts/test-providers.ts; scripts/test-eval-plan.ts; dashboard pages; provider ledger,6,3,6,108,P1
BS-064,scale_and_load_failures,Database connection pool has a finite maximum,source_checked,packages/db/src/client.ts; packages/db/src/quota.ts; packages/core/src/eval/queue.ts; README.md,6,2,5,60,P2
BS-065,scale_and_load_failures,Database lock wait has a timeout,source_checked,packages/db/src/client.ts; packages/db/src/quota.ts; packages/core/src/eval/queue.ts; README.md,6,2,5,60,P2
BS-066,scale_and_load_failures,Database statement has a timeout,source_checked,packages/db/src/client.ts; packages/db/src/quota.ts; packages/core/src/eval/queue.ts; README.md,6,2,5,60,P2
BS-067,scale_and_load_failures,Trace storage has a per-owner record ceiling,source_checked,packages/db/src/client.ts; packages/db/src/quota.ts; packages/core/src/eval/queue.ts; README.md,6,2,5,60,P2
BS-068,scale_and_load_failures,Telemetry batches have an HTTP byte ceiling,source_checked,packages/db/src/client.ts; packages/db/src/quota.ts; packages/core/src/eval/queue.ts; README.md,6,2,5,60,P2
BS-069,scale_and_load_failures,Gateway HTTP rate limit bounds one owner,source_checked,packages/db/src/client.ts; packages/db/src/quota.ts; packages/core/src/eval/queue.ts; README.md,6,2,5,60,P2
BS-070,scale_and_load_failures,SDK request rate limit bounds one owner,source_checked,packages/db/src/client.ts; packages/db/src/quota.ts; packages/core/src/eval/queue.ts; README.md,6,2,5,60,P2
BS-071,scale_and_load_failures,Ten-times concurrent real user load has not been reproduced,unverified,packages/db/src/client.ts; packages/db/src/quota.ts; packages/core/src/eval/queue.ts; README.md,6,3,6,108,P1
BS-072,scale_and_load_failures,Inline evaluation has no durable worker resume after process termination,residual,packages/db/src/client.ts; packages/db/src/quota.ts; packages/core/src/eval/queue.ts; README.md,6,3,6,108,P1
BS-073,billing_credit_mismatches,Environment grader change cannot replace the judge authorized by the plan,fixed,scripts/test-eval-plan.ts; scripts/test-provider-ledger.ts; packages/providers/src/metering.ts,8,3,7,168,P1
BS-074,billing_credit_mismatches,A failed dispatch with unknown spend stops further paid work in the plan,fixed,scripts/test-eval-plan.ts; scripts/test-provider-ledger.ts; packages/providers/src/metering.ts,8,4,7,224,P0
BS-075,billing_credit_mismatches,Known candidate cost remains recorded when judge parsing fails,verified,scripts/test-eval-plan.ts; scripts/test-provider-ledger.ts; packages/providers/src/metering.ts,6,2,2,24,P2
BS-076,billing_credit_mismatches,Truncated candidate incurs no additional judge request,verified,scripts/test-eval-plan.ts; scripts/test-provider-ledger.ts; packages/providers/src/metering.ts,6,2,2,24,P2
BS-077,billing_credit_mismatches,Budget below minimum disclosed case is rejected,verified,scripts/test-eval-plan.ts; scripts/test-provider-ledger.ts; packages/providers/src/metering.ts,6,2,2,24,P2
BS-078,billing_credit_mismatches,Negative zero nonnumeric and excessive budgets are rejected,verified,scripts/test-eval-plan.ts; scripts/test-provider-ledger.ts; packages/providers/src/metering.ts,6,2,2,24,P2
BS-079,billing_credit_mismatches,Lifetime shared allowance includes uncertain reservations,source_checked,scripts/test-eval-plan.ts; scripts/test-provider-ledger.ts; packages/providers/src/metering.ts,6,2,5,60,P2
BS-080,billing_credit_mismatches,Provider costs require verified supported-model pricing,source_checked,scripts/test-eval-plan.ts; scripts/test-provider-ledger.ts; packages/providers/src/metering.ts,6,2,5,60,P2
BS-081,billing_credit_mismatches,Prepared examples do not reserve or consume live budget,source_checked,scripts/test-eval-plan.ts; scripts/test-provider-ledger.ts; packages/providers/src/metering.ts,6,2,5,60,P2
BS-082,retry_idempotency_issues,Completed eval plan cannot be run a second time,verified,scripts/test-eval-plan.ts; scripts/test-providers.ts; packages/core/src/examples.ts; packages/db/src/usage.ts,6,2,2,24,P2
BS-083,retry_idempotency_issues,Failed eval plan cannot be run again through repeated confirmation,verified,scripts/test-eval-plan.ts; scripts/test-providers.ts; packages/core/src/examples.ts; packages/db/src/usage.ts,6,2,2,24,P2
BS-084,retry_idempotency_issues,Transport is single-dispatch even if SDK attempts a retry,verified,scripts/test-eval-plan.ts; scripts/test-providers.ts; packages/core/src/examples.ts; packages/db/src/usage.ts,6,2,2,24,P2
BS-085,retry_idempotency_issues,Ambiguous dispatch does not trigger an automatic retry,verified,scripts/test-eval-plan.ts; scripts/test-providers.ts; packages/core/src/examples.ts; packages/db/src/usage.ts,6,2,2,24,P2
BS-086,retry_idempotency_issues,Repeated prepared-example creation returns the existing workflow,source_checked,scripts/test-eval-plan.ts; scripts/test-providers.ts; packages/core/src/examples.ts; packages/db/src/usage.ts,6,2,5,60,P2
BS-087,retry_idempotency_issues,Unused stale reservation can be released only before dispatch,source_checked,scripts/test-eval-plan.ts; scripts/test-providers.ts; packages/core/src/examples.ts; packages/db/src/usage.ts,6,2,5,60,P2
BS-088,retry_idempotency_issues,Dispatched stale reservation becomes uncertain rather than released,source_checked,scripts/test-eval-plan.ts; scripts/test-providers.ts; packages/core/src/examples.ts; packages/db/src/usage.ts,6,2,5,60,P2
BS-089,retry_idempotency_issues,Recommendation failure preserves completed paid evidence,source_checked,scripts/test-eval-plan.ts; scripts/test-providers.ts; packages/core/src/examples.ts; packages/db/src/usage.ts,6,2,5,60,P2
BS-090,retry_idempotency_issues,Golden uploads create explicit new versions rather than overwriting history,source_checked,scripts/test-eval-plan.ts; scripts/test-providers.ts; packages/core/src/examples.ts; packages/db/src/usage.ts,6,2,5,60,P2
BS-091,config_feature_flag_drift,Truthy string is rejected for live-trace consent,verified,scripts/test-fmea-inputs.ts; packages/providers/src/transport.ts; packages/db/src/client.ts; API auth,6,2,2,24,P2
BS-092,config_feature_flag_drift,String confirmation cannot start a paid plan,verified,scripts/test-fmea-inputs.ts; packages/providers/src/transport.ts; packages/db/src/client.ts; API auth,6,2,2,24,P2
BS-093,config_feature_flag_drift,Streaming true is rejected instead of silently misreported,verified,scripts/test-fmea-inputs.ts; packages/providers/src/transport.ts; packages/db/src/client.ts; API auth,6,2,2,24,P2
BS-094,config_feature_flag_drift,Mock mode returns explicitly synthetic zero-token output,verified,scripts/test-fmea-inputs.ts; packages/providers/src/transport.ts; packages/db/src/client.ts; API auth,6,2,2,24,P2
BS-095,config_feature_flag_drift,Production cannot start with authentication disabled,source_checked,scripts/test-fmea-inputs.ts; packages/providers/src/transport.ts; packages/db/src/client.ts; API auth,6,2,5,60,P2
BS-096,config_feature_flag_drift,Non-loopback database cannot disable TLS,source_checked,scripts/test-fmea-inputs.ts; packages/providers/src/transport.ts; packages/db/src/client.ts; API auth,6,2,5,60,P2
BS-097,config_feature_flag_drift,URL SSL query flags cannot override explicit database CA validation,source_checked,scripts/test-fmea-inputs.ts; packages/providers/src/transport.ts; packages/db/src/client.ts; API auth,6,2,5,60,P2
BS-098,config_feature_flag_drift,Missing gateway origin is diagnosed,source_checked,scripts/test-fmea-inputs.ts; packages/providers/src/transport.ts; packages/db/src/client.ts; API auth,6,2,5,60,P2
BS-099,config_feature_flag_drift,Unimplemented provider names cannot dispatch through a guessed URL,source_checked,scripts/test-fmea-inputs.ts; packages/providers/src/transport.ts; packages/db/src/client.ts; API auth,6,2,5,60,P2
BS-100,edge_cases_from_prd,Generated golden count must match the requested count exactly,fixed,scripts/test-session-prompt-proxy.ts; scripts/test-eval-plan.ts; GoldenManager.tsx; browser screenshots,8,3,7,168,P1
BS-101,edge_cases_from_prd,Duplicate generated prompts cannot masquerade as diverse examples,fixed,scripts/test-session-prompt-proxy.ts; scripts/test-eval-plan.ts; GoldenManager.tsx; browser screenshots,8,3,7,168,P1
BS-102,edge_cases_from_prd,Golden input containing question colon is no longer silently cropped,fixed,scripts/test-session-prompt-proxy.ts; scripts/test-eval-plan.ts; GoldenManager.tsx; browser screenshots,8,3,7,168,P1
BS-103,edge_cases_from_prd,Oversized context document is rejected instead of silently truncated,fixed,scripts/test-session-prompt-proxy.ts; scripts/test-eval-plan.ts; GoldenManager.tsx; browser screenshots,8,3,7,168,P1
BS-104,edge_cases_from_prd,Session-authored adversarial candidate is judged under the real prompt and SDK schema,verified,scripts/test-session-prompt-proxy.ts; scripts/test-eval-plan.ts; GoldenManager.tsx; browser screenshots,6,2,2,24,P2
BS-105,edge_cases_from_prd,Model-only screening cannot justify a production recommendation,verified,scripts/test-session-prompt-proxy.ts; scripts/test-eval-plan.ts; GoldenManager.tsx; browser screenshots,6,2,2,24,P2
BS-106,edge_cases_from_prd,Observe-only approval waits for external rollout rather than claiming a switch,verified,scripts/test-session-prompt-proxy.ts; scripts/test-eval-plan.ts; GoldenManager.tsx; browser screenshots,6,2,2,24,P2
BS-107,edge_cases_from_prd,Stale recommendation cannot overwrite a newer live model,verified,scripts/test-session-prompt-proxy.ts; scripts/test-eval-plan.ts; GoldenManager.tsx; browser screenshots,6,2,2,24,P2
BS-108,edge_cases_from_prd,Golden imports and retained input are usable on desktop and mobile without document overflow,verified,docs/qa/2026-10-02/browser-qa.json,5,2,2,20,P2
BS-109,billing_credit_mismatches,Unknown candidate or judge spend cannot become a numeric zero or known subtotal in run and plan aggregates,fixed,scripts/test-eval-plan.ts:629-660; packages/core/src/eval/runner.ts; packages/core/src/eval/planner.ts; docs/qa/2026-10-02/independent-review.json,8,3,7,168,P1
BS-110,race_conditions_and_state,Pending dataset or context reads block Review and Publish until the current read finishes without an error,fixed,apps/dashboard/app/(app)/golden-sets/[route]/GoldenManager.tsx; docs/qa/2026-10-02/independent-review.json,8,3,7,168,P1
BS-111,unhandled_error_paths,Expected reference aliases persist and unknown or conflicting upload fields cannot silently discard target output,fixed,packages/core/src/golden/upload.ts; scripts/test-fmea-inputs.ts; docs/qa/2026-10-02/inputs.log,8,3,7,168,P1
BS-112,data_integrity_partial_writes,Metadata-only trace markers cannot become a golden prompt through promotion,fixed,packages/core/src/golden/service.ts; scripts/test-eval-plan.ts; docs/qa/2026-10-02/test-eval-plan-final.log,8,3,7,168,P1
